<?xml version="1.0" encoding="UTF-8"?>
<configuration>

    <!--日志格式应用spring boot默认的格式，也可以自己更改-->
    <include resource="org/springframework/boot/logging/logback/defaults.xml"/>
    <property name="FILE_LOG_PATTERN" value="[%d{yyyy-MM-dd HH:mm:ss.SSS}] [%-5level] [%thread] [%logger{50}] [%M] [%line] - %msg%n" />
    <springProperty scope="context" name="SERVICE_NAME" source="spring.application.name" defaultValue="message"/>


    <property name="CONSOLE_LOG_PATTERN"
              value="%date{yyyy-MM-dd HH:mm:ss} | %-5level | %thread | %logger  |  %line | %msg%n"/>

    <appender name="STDOUT" class="ch.qos.logback.core.ConsoleAppender">
        <encoder>
            <pattern>${CONSOLE_LOG_PATTERN}</pattern>
            <charset>utf-8</charset>
        </encoder>
    </appender>

    <root level="INFO">
        <appender-ref ref="STDOUT"/>
    </root>

</configuration>
